SMILES,SPLIT
COCCCCSc1nc2c(c(=O)[nH]1)CCC2,train
Cc1csc(=O)n1CC(=O)NCCc1ccccc1Cl,train
Cc1cccc(NC(=O)N(CCC#N)Cc2ccccn2)c1C,train
Cc1ccc(C2=CCN(C(=O)c3ccc[nH]c3=O)CC2)cc1,train
Cn1c(-c2cccc(N)c2)nc2ccc(F)c(F)c21,train
Cc1ncsc1CNC(=O)NC(CO)c1ccccc1,train
COc1cc(N2CCc3ncnc(-c4ccncc4)c3CC2)ncn1,train
Cc1ccc(-c2cc3c(=O)n(CC#N)ccn3n2)cc1,train
COCC(C)NC(=O)C(NC(=O)c1ccccc1)C(C)C,train
Cc1cc(C)cc(CCC(=O)N(C)Cc2cnn(C(C)C)c2)c1,train
CCOc1ccc2nc(C(=O)NCc3cc(F)cc(F)c3)cn2n1,train
CN(C)c1ccccc1NC(=O)C1CC1c1ccco1,train
O=C(NCCCN1CCOCC1)c1ccc(N2CCCCC2=O)cc1,train
CCCn1nnnc1Cn1c(C(F)(F)F)ccc(C(N)=O)c1=O,train
Cn1cc(C(=O)Nc2ccc(Cl)c(C(=O)NC3CC3)c2)ccc1=O,train
C#CCNC(=O)c1cc(-c2cccs2)nn1-c1ccccc1,train
O=C(Nc1cccnc1)c1cc(-c2cccnc2)[nH]n1,train
Cc1nc(C(=O)NCc2sccc2C)cs1,train
Cc1ccc(-c2cnc(CCC(=O)NC(C)c3cccnc3)o2)cc1C,train
CCOC(=O)C1CCCN(C(=O)c2cn[nH]c2C)C1,train
COc1cccc(S(=O)(=O)CC(=O)N(C)C2CC2)c1,train
C=CCNC(=O)Nc1cnn(C2CCOCC2)c1,train
CC(C)c1ncc(Cl)c(C(=O)NCCc2ccco2)n1,train
COc1ccc(-c2cc(CNC(=O)c3ccco3)no2)cc1,train
CCc1cccc(CC)c1NC(=O)Cn1ncc2ccccc2c1=O,train
O=C(CNc1ccc(-n2cncn2)cc1)NC1CCCCCC1,train
CC(N)C(=O)c1ccc(S(=O)(=O)C2CCCC2)cc1,train
Cc1ccccc1C(=O)NCC1CN(Cc2ccccc2)CCO1,train
CC(=O)N1CCN(S(=O)(=O)c2cccc(C#N)c2)CC1,train
O=C(CCn1cncn1)NCc1ncc(-c2ccccc2)o1,train
CCc1noc(CCCC(=O)Nc2c[nH]nc2C)n1,train
CCCCCCNC(=O)c1onc(-c2ccccc2)c1N,train
CS(=O)(=O)N1CCN(C(=O)Cn2ccc(C(F)(F)F)n2)CC1,train
COC(=O)CCN(C)S(=O)(=O)N1CCCC1,train
Cn1c2ccccc2n2c(=O)n(CC(=O)Nc3ccc(F)cc3)nc12,train
COc1cc(Cl)ccc1CNC(=O)N1CCCC(O)C1,train
Cc1ccc(NC(=O)C(C)OCC(F)(F)F)cc1S(C)(=O)=O,train
CCN(Cc1ccco1)C(=O)Nc1ccccc1SC,train
CNS(=O)(=O)c1cc(C(=O)C2CC2)ccc1OC,train
COc1ccc(-c2cc(C(=O)NCc3ccncc3)n[nH]2)cc1,train
COC(=O)CCC(=O)N1CCNC(=O)C1c1ccccc1,train
O=C(c1ccc(O)c(Cl)c1)N1CCN(Cc2ccccn2)CC1,train
O=C(NCCn1cccc1)c1ccc(OCC(F)F)nc1,train
O=C(Cn1cccn1)Nc1cccc2cccnc12,train
CC(C)C(=O)NC1CCN(C(=O)c2nc3c(F)cccc3s2)C1,train
O=C(NCCCOCC1CCCO1)c1cc(F)cc2[nH]cnc12,train
CCC(Cn1c(=O)oc2ccccc21)NC(=O)C1CCCC1,train
CC1CCc2sc3ncn4nc(-c5ccncc5)nc4c3c2C1,train
CS(=O)(=O)N1CCN(CCc2ccccn2)CC1,train
COC(=O)c1n[nH]c2ccc(NC(=O)c3cccc(C)n3)cc12,train
COC(C(=O)NCCNC(=O)c1ccc(O)cc1)c1ccccc1,train
Cc1ccc(S(=O)(=O)Nc2cccc(-c3csc(C)n3)c2)cc1,train
C=CCn1nc2c(C)c(C)nc(-c3cccnc3)n2c1=O,train
O=C(NCc1nc(Cc2ccccc2)no1)c1ccc[nH]c1=O,train
Cc1cc(C)c(C(=O)CCCC(=O)NCC2CCCO2)c(C)c1,train
Nc1nccnc1C(=O)Nc1ccc(Cl)cc1C(=O)NCC1CC1,train
Cc1ccc(-c2nc(CNc3ccc4nnc(C)n4n3)co2)cc1,train
O=C(C1CCCN1c1nc2ccccc2o1)N1CCc2ccccc21,train
CN(C)S(=O)(=O)NCc1ccc(Cn2ccnc2)cc1,train
COCC(=O)NCCc1c[nH]c2ccc(OC)cc12,train
COc1cc(-c2cscc2N)cc(OC)c1OC,train
CC(C)N(C)C(=O)c1cc(-c2ccc3c(c2)OCO3)on1,train
Cc1csc(NC(=O)N2CCC(c3nc4ccccc4o3)CC2)n1,train
COC(=O)CN(C(=O)CSc1ccc(C#N)cc1)C1CCOCC1,train
CC(C)COc1ccccc1-c1cc(N)c(=O)n(C)n1,train
CCc1ccc(NC(=O)NCc2c(C)nn(CC)c2C)cc1,train
Cc1ccc(OC2CCN(C(=O)Cn3cccn3)CC2)nn1,train
O=C(c1ccc(NC2CC2)nc1)N(CC1CCCCC1)C1CC1,train
CCCOC(=O)c1cc(N)c(N(C)C)c(Cl)c1,train
CCOC(=O)Cc1csc(N2CCOCC2)n1,train
CC(C)(C(=O)N1CCN(C(=O)C2CCC(=O)N2)CC1)c1ccccc1,train
COCc1nc(-c2cc(OC)ccc2OC)sc1C(C)=O,train
O=C(NCC1CC12CCc1ccccc12)c1ccc[nH]1,train
Cc1nn(C)c2nc(N3CCNC(=O)C3C(C)C)sc12,train
O=C(Nc1ccc2c(c1)OCO2)Nc1c[nH]c2ccccc12,train
CCCNC(=O)Nc1ccnn1Cc1ccc(Br)cc1,train
COc1ccc(Br)c2c1CCNC2CC#N,train
O=C(CNC(=O)c1ccccc1F)OCC(=O)C1=NC=CC1,train
COCCOCCNC(=O)c1cccc(Br)c1,train
COc1ccc(CN(C)C(=O)c2cccc(OC)c2F)cc1C,train
Nc1cc(C(=O)NCc2ccccn2)n(C2CC2)c1,train
Cc1csc(NC(=O)N(C)Cc2nc3ccccc3s2)n1,train
Cc1noc(C)c1-c1nc(CSc2ccccn2)no1,train
CCC(C)n1c(C(C)C)ccc(-c2csc(NC)n2)c1=O,train
Cc1cnc2c(S(=O)(=O)Oc3ccccc3C#N)cccc2c1,train
Cn1ccc(C(=O)N2CCOC(c3ccc(C(N)=O)cn3)C2)n1,train
COC(=O)c1cccc(C(=O)Nc2ccc(-c3nncn3C)cc2)c1,train
CC(C)(C)CC(=O)NCC(=O)N1CCc2ccc(Cl)cc2C1,train
CCN(Cc1nc2ccccc2c(=O)[nH]1)C(=O)Nc1cnccc1C,train
Cc1cnc(NC(=O)Cc2ccc(F)c(F)c2)s1,train
CC1CCC(N(C(=O)Cn2cc(Br)cn2)C2CC2)CC1,train
CNC(=O)OCCc1ccc2c3c(cccc13)CC2,train
COC(=O)C(O)c1ccc2c(c1)N(C)C(=O)CO2,train
CC(NC(=O)c1ccc(NC(=O)C2CC2)cc1)c1ccc(F)cc1F,train
CCCN1C(=O)c2ccc(Cl)cc2NC1c1cccc(O)c1,train
COc1cc2c(cc1OC)C(c1ccc(C)s1)CC(=O)N2,train
COc1cc(CC(C#N)N2CCCCC2)cc(OC)c1OC,train
CCn1c(=O)c2sccc2n(CC(=O)N2CCCCC2)c1=O,train
CN(CCc1cn[nH]c1)C(=O)C1Oc2ccccc2O1,train
Cc1ccccc1CS(=O)(=O)c1ccc(N)cc1,train
COc1cc(C)c(NC(=O)c2ccc(-n3cncn3)nc2)cc1OC,train
Cc1cc2c(cnc3ncnn32)c(=O)n1-c1cc(Cl)ccc1Cl,train
Cc1cc(C)c(NC(=O)N2CCCC2c2c(C)n[nH]c2C)c(C)c1,train
Cc1occc1C(=O)Nc1nc2ccccc2nc1N1CCCC1,train
CCCCCn1c(N(C)C)nc2c1c(=O)[nH]c(=O)n2C,train
COc1cccc(C(=O)Nc2nnc(C(C)c3ccccc3)s2)c1,train
CN1CCN(C(=O)c2n[nH]c3c2CCCC3)CC12CCNC(=O)CC2,train
Cc1nn(CC(=O)Oc2cccc(C(=O)NC3CC3)c2)c(C)c1Cl,train
CN1CCOc2ccc(S(=O)(=O)NCc3cccs3)cc21,train
CCN(Cc1ccc(OC)cc1)C(=O)c1cc(OC)ccc1O,train
C=C(C)CN(CC)C(=O)COc1cccc(-c2nnco2)c1,train
COCC(=O)N1CCCCC1c1n[nH]cc1-c1ccnc(N)c1,train
Cc1cccc(NS(=O)(=O)Cc2ccc(F)cc2)c1,train
O=C1CC(C(=O)N2CC3CCC2C3)CN1c1nccs1,train
CC(CC(=O)OCc1ccccc1)c1ccccc1,train
COc1ccc(-n2ccc3c(c(C)nc4ncnn43)c2=O)cc1,train
Cc1nc2cc(NC(=O)c3cccc(Oc4cnccn4)c3)ccc2o1,train
Cc1nc(SCC(=O)Nc2sccc2C(N)=O)nc(C)c1C,train
COC(=O)C(C)NS(=O)(=O)c1c[nH]c(=O)[nH]c1=O,train
CCOC(=O)Cn1cnc2sc(C)c(-c3ccccc3)c2c1=O,train
CC(NC(=O)C1CC(=O)N(c2ccccc2F)C1)c1cccs1,train
COc1ccc(C)nc1NC(=O)NCCn1cc(C)cn1,train
COc1ccc(NC(=O)NCc2cccs2)cc1C,train
O=C(Cn1nc2ncccn2c1=O)N1CCN(c2ccccc2)CC1,train
Cc1nc(C)c(C(=O)NCC#Cc2ccc(C(=O)N(C)C)cc2)s1,train
COC(=O)c1c[nH]nc1S(=O)(=O)N(C)c1ccc(C)cc1,train
COC(=O)c1nn(Cc2cccc(C)c2)c(=O)c2ccccc12,train
CCCCc1cn(CC2CCN(C(=O)c3cccnc3)CC2)nn1,train
O=C1CC(c2ccc(S(=O)(=O)NC3CC3)cc2)CN1,train
COc1ccc(F)cc1NC(=O)Nc1cccc(NC(C)=O)c1,train
CCc1ccc(N2CC(C(=O)N3CCN(C(C)=O)CC3)CC2=O)cc1,train
COc1ccc(CC(C)(O)CNC(=O)C2CCC2)cc1,train
CC(C)COC(C)C(=O)Nc1cccc(C(=O)N(C)C)c1,train
CS(=O)(=O)N1CCC(Oc2ccc(-c3ccsc3)cc2)CC1,train
COc1ccccc1CC(=O)OCC(=O)Nc1cccc(F)c1,train
Cc1ccc(C(=O)NCc2cn(-c3ccc(F)cc3)nc2C)c(=O)[nH]1,train
Cc1ccc(C(=O)NCC(O)c2ccc(F)c(C)c2)cc1C,train
CNS(=O)(=O)c1cc(C(=O)Nc2nc3ccccc3[nH]2)n(C)c1,train
Nc1ccccc1-c1csc(-c2cccnc2)n1,train
CCc1nnsc1C(=O)N1CCc2sccc2C1,train
O=c1c2ccccc2cnn1Cc1cc(-c2ccc(F)cc2)no1,train
CC(C)CS(=O)(=O)N1CCC(Nc2ncccc2F)CC1,train
CC(=O)NCc1ccc(C(=O)NCCNC(=O)c2cccnc2)cc1,train
Cc1cccc(C2CC2C(=O)Nc2n[nH]c3c2c(C)nn3C)c1,train
CCc1cccc(OC(=O)Cn2ncc(=O)c3ccccc32)c1,train
O=C(Nc1nc2c(s1)CN(C(=O)C1CC1)CC2)NC1CCCC1,train
COC(=O)c1ccc(C(=O)Nc2nnc(-c3ccsc3)s2)cc1,train
Cc1cccc(CN(C2CC2)S(=O)(=O)c2cccs2)c1,train
CC(C)(C)c1nnc2sc(-c3cccc(N)c3)nn2c1=O,train
CNC(=O)c1cccc(S(=O)(=O)NC2CCCCC2)c1,train
CNC(=O)c1snc(-c2ccc(Cl)cc2)c1N,train
Cc1cc(C)nc(C(C#N)C(=O)CCOc2cccc(C)c2C)n1,train
COc1ccc(S(=O)(=O)CC(=O)N2CCc3ccccc3C2)cc1,train
CCCc1cc(C(=O)NCc2ccc(OC(F)(F)F)cc2)[nH]n1,train
COc1ccc(-c2nn(CC(=O)Nc3cnn(C)n3)cc2C)cc1,train
Cc1ccc(F)c(C(=O)NC2(C#N)CCCCC2)c1,train
CC(C)COC(=O)N1CCCC1C(=O)NC1CCCCCC1,train
COc1ccnc(NC(=O)c2ccc(COc3ccc(F)cc3)o2)c1,train
CCc1nc2ccc(NC(=O)c3ccnn3C(C)C)cc2[nH]1,train
CN(C(=O)CSc1nnc(SCc2ccccc2)n1N)C1CC1,train
CNc1nnc(-c2sc(-c3ccncc3)nc2C)s1,train
O=C(CCn1nnc2ccccc2c1=O)NC1CCCCNC1=O,train
CCCNC(=O)Nc1ccc(Oc2cccc(F)c2)nc1,train
Cc1cnc(C2NCCc3cc(Cl)c(Cl)cc32)cn1,train
COc1c(Cl)c2c(c(OC)c1OC)CNCC21CC1,train
Cc1ccc(C(=O)OCC(=O)Nc2cccc(Cl)c2C)o1,train
O=C(C1CCCC1)N1CCN(Cc2ccn(-c3ccccc3)n2)CC1,train
CCc1nnc(NC(=O)N(CCO)C2CC2)s1,train
COC(=O)c1cccc(OC(=O)Cc2ccccc2F)c1,train
COC(=O)N1CCC(NC(=O)N2CCCC2c2ccccc2)CC1,train
CC(C)CCOc1ccc(C(=O)NCc2ccco2)cc1,train
CN(C)c1nc(N)nc(CSc2nc3ccc(N)cc3s2)n1,train
COC(=O)C1CCN(C(=O)Nc2cc(C)cc3cccnc23)CC1,train
COc1ccc2c(c1)OCC(Cc1ccc(F)c(C(N)=O)c1)C2,train
Cc1noc(C)c1CCC(=O)N(C)Cc1ccccc1,train
COCCNC(=O)CNC(=O)Nc1cccc(N2CCCCCC2)c1,train
CCOc1ccccc1NC1OC(=O)c2c1ccc(OC)c2OC,train
CCc1ccc(NC(=O)COc2ccc[nH]c2=O)cc1,train
CC(C)N(CCO)C(=O)c1cc(Cl)ccc1N,train
O=C(NC1CC1)c1cc(N2CCC(CO)CC2)nc2ccccc12,train
CCOc1c(O)ccc2c1C(C=Cc1ccncc1)NCC2,train
COC(=O)C1=C(NC(=O)NC2CCC(O)CC2)CCC1,train
COc1cc(C)ccc1CNC(=O)N1CCCCC1c1cn[nH]c1,train
Cc1ccc(-c2c(C)sc3ncnc(NCCOCCO)c23)cc1,train
Cc1ccc(C(=O)N2CCN(C3Cc4ccccc4C3O)CC2)o1,train
Cc1nc(CNC(=O)N(CCCO)C2CCc3ccccc32)no1,train
CCC(C)NC(=O)C1CC(=O)N(C)c2ccccc21,train
O=C(NCCn1cnc2ccccc21)C1COCCO1,train
Cc1ccc(C)c(OCCn2c(CO)nc3ccccc32)c1,train
Cc1cc(C(=O)NCCC2=CCCCC2)c2c(C)noc2n1,train
CC(C)c1ncc(CN(CC(=O)N(C)C)CC(F)(F)F)s1,train
O=C(NCc1cn2ccsc2n1)NCc1csc2ccccc12,train
CC(=O)Nc1ccc(OCC(=O)Nc2ccccc2C#N)cc1,train
Cc1nc(NC(=O)Cc2cccc(F)c2)sc1C,train
CNc1nc(CC(=O)c2ccccc2)nc(NC)n1,train
CCOC(=O)N1CCN(C(=O)C23CCC(C)(C(=O)O2)C3(C)C)CC1,train
COc1cc(C)c(Cl)c(C)c1C(O)C(=O)N(C)C,train
COC(=O)c1cccc(CCNC(=O)c2c(C)[nH]c3ccccc23)c1,train
CCn1cc(-c2cc(-c3cc(F)cc(F)c3)nc(N)c2C#N)c(C)n1,train
Cc1cc(C(=O)N2CCN(CC(C)O)CC2)c2c(C3CC3)noc2n1,train
CN(C)c1ncnc(Sc2ccc(Cl)cc2)c1N,train
CCC(CNC(=O)Nc1ccncc1)c1ccccc1,train
COc1cc(CNC(=O)N2CCN(Cc3cc(C)no3)CC2)ccn1,train
Cc1cccc(C(=O)N(Cc2ccc(F)cc2)CC2CCCO2)c1,train
CCOc1ccc(C(=O)NCc2ccncc2CC)cc1C,train
N#CCc1cccc(C(=O)N2CCN(C3CCCC3O)CC2)c1,train
COC(=O)N1CCN(C(=O)c2ccc(C)nc2)CC1,train
COc1ccc(-c2nn(-c3ccccc3)cc2C(=O)N2CCC2)cc1,train
CCCn1cc(NC(C)c2ccc(S(C)(=O)=O)cc2)cn1,train
Cc1ccc(C(=O)Cn2c(C)c(C)sc2=O)cc1,train
CCC(C)C(C)NC(=O)c1cc(S(=O)(=O)N2CCCC2)c(C)o1,train
COc1ccc2c(c1)CN(C(=O)NCCCOCC1CC1)CC2,train
Cn1cnnc1SCC(=O)N=c1c2ccccc2[nH]c2ccccc12,train
COCCCNC(=O)C1CCN(C(=O)OC(C)(C)C)C1,train
O=C(NCC1CC1)C1CCN(c2ccc(F)c(Cl)c2)C1=O,train
COc1cc(C)cc(C)c1CCn1nc(C)c(N)c1C,train
c1cc(CNCc2cccnc2-n2cncn2)cc(OC2CCCC2)c1,train
COc1cc(CNC(=O)c2ccc(=O)[nH]c2)ccc1OCC(N)=O,train
CC(C)OC(=O)CN1CCN(c2ccccc2)CC1,train
C=CCNC(=O)NCCCN(C)c1ccccc1F,train
Cc1cc(CNC(=O)c2cc(Cl)ccc2-n2cnnn2)c(C)o1,train
CCc1ccsc1C(=O)NCCCn1nc(C)cc1C,train
N#Cc1ccc(NC(=O)NCc2cccs2)cc1Cl,train
O=C(CNC(=O)c1ccsc1)Nc1nncs1,train
Cc1nc(CNC(=O)c2c[nH]c3c(C)cc(F)cc3c2=O)c(C)s1,train
C=CCN1CCN(C(=O)c2cccnc2)C(C(=O)N2CCCC2)C1,train
Cc1ccc(CNC(=O)c2c(C)[nH]c3ccccc23)cc1,train
Cc1cc(C)c2c(CC(=O)Oc3cccnc3)coc2c1,train
CCCn1c(C)cc2c(c(N)nn2CCO)c1=O,train
Cc1[nH]c(=O)ccc1C(=O)N1CCC(Cn2ccnn2)CC1,train
COc1cc(C(C)NC(=O)Nc2cnn(C)c2)ccc1OCC(C)C,train
CSc1ccc(Cl)cc1NCc1csc(C)n1,train
Cc1ccccc1NC(=O)CSc1nnc(-c2ccccc2)n1N,train
Cc1ccc(S(=O)(=O)CC(C)NC(=O)c2oc(C)cc2C)cc1,train
O=C(CC12CC3CC(CC(C3)C1)C2)NCCc1cccnc1,train
CCC1c2ccccc2CCN1C(=O)Cn1nc2ccccn2c1=O,train
CC(C)C1OCCCC1CNC(=O)c1cn(C)nc1C(C)(C)C,train
Cc1cc(-c2nn3c(-c4ccccn4)nnc3s2)no1,train
Cn1nc2n(c1=O)CC(C(=O)N1CC3C4CCC(O4)C3C1)CC2,train
Cc1ccc(C(=O)NCC(=O)Nc2ccccc2)s1,train
O=C(NCC(F)(F)F)c1ccc(OCc2cscn2)cc1,train
O=C(c1ccnc(OC2CCC2)c1)N1CCCC(n2cccn2)C1,train
CC1(C)CC(=O)c2cc(C(=O)N3CCCCC3)c(=O)[nH]c2C1,train
Cc1ccc(CN(CCn2cccn2)C(C)C)s1,train
N#Cc1ccc(S(=O)(=O)Nc2cccc(C#N)c2)cc1,train
OC(CN1CCc2sccc2C1)c1cccc(F)c1,train
CCCCN(CC)C(=O)NCC(C)N1CCOCC1,train
NC(=O)C1CCCN1C(=O)c1cc(-c2ccccn2)nc2ccccc12,train
CCCCN(CCO)C(=O)Nc1ccc(C)c(S(C)(=O)=O)c1,train
CC(=O)Nc1ccc(CO)c(OCc2ccccc2)c1,train
Cc1ccccc1OCCCNC(=O)c1scnc1C1CC1,train
COCC(C)OC(=O)C1CC(=O)Nc2ccccc21,train
CCC(=O)Nc1ccc(O)c(C(=O)N2CCc3ccccc3C2)c1,train
O=C(Nc1cccc(-n2cnnn2)c1)c1ccco1,train
COc1ccc(NC(C)=O)cc1NC(=O)NCc1ccc(C)c(F)c1,train
N#CC1CN(Cc2ccccc2OCc2ccccc2)CCO1,train
Cc1ccc(S(=O)(=O)Nc2ccc3c(c2)sc(=O)n3C)c(C)c1,train
COCCN(C)C(=O)Nc1cc(C)nn1Cc1ccccc1,train
Cc1ccccc1OCC(=O)N1CCN(CCc2ccccc2)CC1,train
CCC1CCCN(C(=O)Nc2cccc(S(N)(=O)=O)c2)C1,train
O=C(NCCc1nc2ccccc2o1)c1cccc(Cn2cccn2)c1,train
CCOC(=O)C1(CC)CC(CSc2nc3ccccc3[nH]2)OC1=O,train
Cc1noc(C(C)C)c1C(=O)Nc1ccn(CCc2ccncc2)n1,train
CC(C)n1nnnc1-c1ccc(NC(=O)C2CCOCC2)cc1F,train
CC(C)c1nc(C2CCCN(C(=O)c3nccnc3N)C2)no1,train
Cc1cc(NC(=O)c2ccc(F)cc2Br)no1,train
N#CCCN(CC(=O)NCC1CC1)c1ccccc1,train
CCC(=O)N1CCc2cn(CC(C)C)c3cccc(c23)C1,train
O=C(CSc1ccc2ccccc2n1)N1CCCCC1,train
CCN(CCC(=O)OC)C(=O)c1cc2cc(F)ccc2s1,train
CN(CC1CCCO1)C(=O)NCCNC(=O)C(C)(C)C,train
CN1C(=O)c2ccc(C(=O)NCc3ccccc3)cc2S1(=O)=O,train
CC(C)c1ccc(C(=O)NCCCNS(C)(=O)=O)cc1,train
Cc1ccccc1C(=O)NC(C)c1c(C)noc1C,train
COc1cc2c(cc1C(=O)Nc1ccc(C#N)cc1)OCCCO2,train
Cc1noc(C)c1CC(=O)N1CCN(Cc2cccnc2)CC1,train
CCc1ccc(N(Cc2ccc(C)s2)C(=O)CNC(=O)OC)cc1,train
CC(=O)c1ccccc1NC(=O)Cc1ccc(F)cc1,train
Cn1c(C(=O)NCCc2ccccc2)cc2sccc21,train
O=C(NCCN1CCOCC1)c1ccc(N2CCOCC2)cc1,train
COC(=O)c1ccc(C(=O)Nc2cc(F)c(OC)c(F)c2)cc1,train
CC1CCN(C(=O)c2c(F)cc(Br)cc2F)CC1,train
CC(=O)Nc1ccc(S(=O)(=O)NCCC2CCCC2)cc1,train
O=C(CNC(=O)c1cccs1)Nc1ccc(O)cc1F,train
CCCc1nc(C)c(CNC(=O)C2CC(=O)N(C3CC3)C2)s1,train
O=C(Cn1cccn1)N1CCC(Cc2ccc(F)cc2)CC1,train
Cc1ccc(C(O)C2CC(=O)N(C(C)c3ccccc3)C2)cc1,train
Cc1cc(C(=O)NC(C)c2cnn(C)c2C)c2c(C)noc2n1,train
CC1CCCN(C(=O)Cc2csc(NC(=O)c3ccco3)n2)C1,train
O=C(Cc1csc(NC(=O)C2CC2)n1)Nc1cccnc1,train
Cc1occc1CN(C)C(=O)NCCc1cccs1,train
Cc1nn(Cc2cccc(C(F)(F)F)c2)c(=O)n1-c1ccccc1,train
Cc1ccc(NC(=O)c2cnc3c(c2)c(C)nn3C)c(C)c1,train
CCNC(=O)N1CCCCC1CNS(C)(=O)=O,train
Cc1ncc(S(C)(=O)=O)c(N(C)Cc2csc(C(C)C)n2)n1,train
O=C(CC1OC(=O)c2ccccc21)NCC(=O)NC1CC1,train
Cn1nnc2c(N3CC(C(=O)NCc4ccccc4)C3)ncnc21,train
Cc1ccc(NC(=O)CCCn2cncn2)cc1-n1nnnc1C,train
Cc1cccc(C)c1NC(=O)c1csc(Nc2ncccn2)n1,train
COc1ccc(NC(C)=O)cc1NC(=O)c1ccc(C)cc1C,train
COc1cc2c(cc1-c1cc(-c3ccco3)nc(N)c1C#N)OCCO2,train
CC(C)c1cccc2c1OCC(N1CCC(=O)CC1)C2O,train
CCn1cc(CCNC(=O)C2CC2)c2cccnc21,train
CCc1ccccc1OCC(=O)Nc1ccc(C(=O)NC)cc1,train
O=C1NCCN(Cc2cccc(F)c2F)C1CC(=O)N1CCCC1,train
Cc1ccccc1-n1ncc(C(=O)N(CC(N)=O)C(C)C)c1C,train
CNC(=O)c1ccc(NC(=O)CSc2ccc(F)cc2)cc1,train
N#CCCn1cc(C2NC(=O)c3ccccc3N2)c(-c2ccccc2)n1,train
COc1ccccc1OCc1ncc(C(N)=O)c(N)n1,train
COc1ccccc1NC(=O)N1CCNC(=O)C1C(C)C,train
CC(=O)N1CCc2cc(CNC(=O)c3ccccc3F)ccc21,train
CC(O)c1nc(-c2ccc(Br)cc2C(F)(F)F)no1,train
CCN(c1ccc(S(N)(=O)=O)cc1N)C(C)COC,train
CCCCCNC(=O)c1nc(NC(C)=O)ccc1Br,train
O=C(c1ccc[nH]c1=O)N(Cc1ccc(C(F)(F)F)cc1)C1CC1,train
COc1ccc(S(=O)(=O)Oc2ccccc2OC)cc1C,train
N#CCCN(CC1CC1)C(=O)c1ccnc(OC2CCC2)c1,train
CC(=O)c1cccc(OCC(=O)Nc2cc(C#N)ccc2Cl)c1,train
CN(C)c1cccc(CNC(=O)c2csc(-c3cnn(C)c3)n2)c1,train
CCS(=O)(=O)N1CCC(c2nccn2Cc2ccccn2)CC1,train
Cc1ccc(C)c(S(=O)(=O)NCCNC(=O)N(C)CC(F)F)c1,train
C=CCn1c(CCCO)nc2cc(OC(C)C)ccc21,train
O=C(NCc1ccccn1)C1COC(=O)N1Cc1ccc(F)cc1,train
Cn1c(C(=O)NCc2ccncc2)nc2ccccc2c1=O,train
COc1ccc(C)cc1S(=O)(=O)N=c1cccc(CO)[nH]1,train
Cc1cc(-n2c(C)nc3ccccc3c2=O)ccc1NS(C)(=O)=O,train
O=C(c1ccc(C(F)(F)F)nc1)N1CCCCCC1c1ccco1,train
CC1CCC(CCC(=O)NCc2csc(=O)[nH]2)O1,train
CNC(=O)C1(C)CN(C(=O)c2cc(=O)c3ccccc3o2)CCO1,train
Oc1ccc(C(O)CNc2cc(-c3ccccc3)nc3ccnn23)cc1,train
Cc1cc(C)c(C(=O)N2CCCC(OCc3cccnc3)C2)c(=O)[nH]1,train
CC(C)N(Cc1nnc(-c2ccccc2Cl)o1)C(=O)c1ccco1,train
COc1ccc(C(=O)CSc2nnc(-c3ccncc3)n2N)cc1,train
CC(C)C(=O)NCc1nn(C2CCCC2)c2c1CCCC2,train
Cc1ccc(CC(=O)Nc2nnc(-c3cccnc3)o2)c(C)c1,train
CCC1CN(C(=O)c2cnn(-c3cccc(Cl)c3)c2)CCO1,train
CCC(=O)NCC1CCN(C(=O)c2ccoc2)CC1,train
Cc1ccc(-c2cnc(CNCCc3ccccn3)s2)s1,train
CC(=O)N1CCC2(CC1)OC(=O)C(C)=C2C(=O)NC1CCCC1,train
NS(=O)(=O)CCNC(=O)c1cccc(C#CCO)c1,train
CCOc1cc(F)ccc1NC(=O)N(C)C(C)CC,train
Cc1cc(C(=O)NC2CCCC2)ccc1NC(=O)NCc1ncc[nH]1,train
CCOC(=O)CN(C)C(=O)COc1ccc(Br)cc1C,train
CC(=O)N(CCC1(C(C)C)CCOC(C)(C)C1)Cc1ccco1,train
COc1cccc2[nH]cc(CC(=O)Nc3cncnc3-n3cccn3)c12,train
O=C(NCCN1CCOCC1)C1CCN(C(=O)C2CC2)CC1,train
CC(=O)N1CCC(Nc2cc(F)c(F)c(F)c2)CC1,train
Cc1ccc(C(C)NC(=O)c2ccc(O)c(Cl)c2)o1,train
CCc1ccc(C(O)COc2cccc(N)c2)cc1,train
CC(OC(=O)c1sccc1-n1cnnn1)c1ccccc1,train
CC1(C)Oc2ccc(NC(=O)c3cnn4cccnc34)cc2O1,train
CCc1noc(CC)c1CNC(=O)NCc1ccccc1C,train
Cc1ccc(F)c(NC(=O)CSc2nnnn2-c2ccccc2)c1,train
CC(C)C(=O)N1CCc2cc(CNC(=O)c3ccco3)ccc21,train
CC(C)N(Cc1cnn(C)c1)C(=O)c1cn(C)c2ccccc12,train
CC(C)(C)N1CC(NC(=O)NCc2cccnc2)CC1=O,train
Cc1cc(SCC(=O)Nc2sccc2C(N)=O)nc(C)n1,train
COC(=O)CNC(=O)C(Cc1c[nH]c2ccccc12)NC(C)=O,train
CC(C)(C)OC(=O)NCCC(=O)NC1CCCCCC1,train
N#Cc1ccc(NC(=O)CCNC(=O)C2CCCC2)cc1,train
CCn1ncc2c(C(=O)NCC(C)O)cc(-c3ccccc3)nc21,train
Cc1cnn(CCC(=O)N2CCN(c3ncccc3C#N)CC2)c1,train
CCn1c(SCC(=O)Nc2nc(C)cs2)nc2ccccc21,train
CCC(OC)C(=O)Nc1ccc2c(c1)OC(F)(F)O2,train
N#CCc1ccc(-n2nc(-c3cccnc3)c3c2CCNC3)cc1,train
COc1cccc(CNC(=O)c2cc(F)cc(F)c2)c1,train
CCn1c(=O)c(=O)[nH]c2cc(C(=O)NCCOC)ccc21,train
CCC(=O)Nc1ccc(C(=O)NCC(=O)OC)cc1,train
CCC1(CNC(=O)Nc2ccccc2CN2CCNC2=O)CC1,train
CCCCCNC(=O)NCCc1ccc2c(c1)OCCO2,train
COc1ccc(N2CCCC(C(=O)N(C)Cc3ccccc3)C2)nn1,train
COc1cccc2cc(C(=O)N3CCCC3c3ccncc3)oc12,train
O=C(c1ccc2ccccc2n1)N1CCOC(c2ccccc2)C1,train
CN(CC1CCCN1c1cccnn1)c1nc2ccccc2o1,train
CC1=C(C(=O)OC(C)C)C(C)N=C1C(=O)NCc1ccccn1,train
OCC(O)C1NCCc2ccc(F)c(C(F)(F)F)c21,train
Cc1cccc(OC(=O)CCn2c(C)csc2=O)c1C,train
N#Cc1ccc(OC(=O)CCOCC2CCCO2)cc1,train
Cn1cnnc1C1CCCN(Cc2cccc(-c3ccccc3)c2)C1,train
COc1cc(F)c(S(=O)(=O)NC2CCCCCC2)cc1OC,train
O=C(NCc1ccccc1Cl)c1cc(C(F)(F)F)n[nH]1,train
Cc1ccccc1C(CC(=O)NC(C)(C)CC(C)(C)C)NC(N)=O,train
CN(CC1CC1)C(=O)Nc1ccc(C(=O)NC2CCOCC2)cc1,train
CCc1noc(CC)c1CNC(=O)C(C)Oc1cccc(C#N)c1,train
CCn1cc(C(=O)Nc2cccc(Br)c2)c(C)n1,train
CS(=O)(=O)c1ccccc1C(=O)OCC(=O)Nc1ccccc1O,train
NC(=O)c1cccc(NC(=O)c2ccc(OC(F)F)cc2)c1,train
COC(CNC(=O)N1CCOCC1C1CC1)c1cccc(Cl)c1,train
CC=C(C(O)c1ccccc1)n1nnc2ccccc21,train
Cc1nc(C(=O)N(C)Cc2ccc(F)cc2)nn1-c1ccc(F)cc1,train
CC(O)c1c(F)cccc1N1CCN(CCO)CC1,train
O=C(Nc1ccccn1)c1cc(C2CC2)nn1-c1ccccc1,train
c1ccc(-c2cn3c4ccccc4nc3n2CCN2CCOCC2)cc1,train
CC1CCN(C(=O)C2CCCN(C(=O)c3ccccc3)C2)C(C)C1,train
O=C(NCCCN1CCOCC1)c1cc(-c2ccc(F)cc2)on1,train
CCC(CC)C(=O)c1ccc(SCC(=O)NC)cc1,train
COc1cc(C(=O)Nc2ccc3[nH]c(=O)[nH]c3c2)cc(OC)c1OC,train
CC(=O)c1csc(NC(=O)c2cnn(-c3ccccc3Cl)c2)n1,train
COc1ccccc1C(=O)NCC(=O)Nc1ccc2[nH]ncc2c1,train
CC(O)(CNC(=O)NCCc1cn2ccccc2n1)c1ccsc1,train
CC(C)c1ccc(CNCCc2nccs2)cc1,train
Cc1ccn2c(=O)nc(SCC(=O)Nc3cccc(F)c3)nc2c1,train
Cn1ccc(CNC(=O)Cn2nc(C(F)(F)F)cc2C2CC2)n1,train
Cc1cc(N2CCOCC(CO)C2)nc(-c2ccccc2O)n1,train
CC(=O)Nc1ccc(-n2ccnc2-c2cccc(C)n2)c(C)c1,train
O=C1CC(C(=O)NCc2cccnc2-n2cccn2)c2ccccc2N1,train
Cn1nc(CC(=O)NCc2ccccc2F)c2ccccc2c1=O,train
CN(CCNS(C)(=O)=O)S(=O)(=O)N1CCc2ccccc2C1,train
CSc1nc(C)c(CCC(=O)OC2CCCC2)c(=O)[nH]1,train
COCCc1noc(Cn2ccnc2-c2ccc(NC(C)=O)cc2)n1,train
CCc1nnsc1C(=O)N(CC)CC1CCOC1,train
Cc1noc(CCC(=O)OCc2cccc(Br)c2C)n1,train
O=S(=O)(NCc1cccc(Br)c1)c1ccccc1,train
Cc1ccc2c(c1)C(NC(=O)c1ccncc1)CNC2,train
CCCn1c(C)nnc1SCc1nnc(-c2ccc(C#N)cc2)o1,train
CC(C)(C)Oc1cc(CNC(=O)c2ccc3c(c2)OCO3)ccn1,train
CC(C)Sc1nnc(C(F)(F)F)n1-c1ccccc1,train
CN1CCOC(C(=O)NC(C)(C)CCC(=O)OC(C)(C)C)C1,train
COC(=O)N1CCC(NC(=O)c2ccc3c(c2)NC(=O)CO3)C1,train
COc1ccc(-c2nc(C3CN(C(=O)CC(C)C)CCO3)no2)cc1,train
CC(C)C(NC(=O)c1cncc(Br)c1)c1ccccn1,train
CN1CCc2c(n(-c3ccccc3)c3ccccc23)C1=O,train
CC1=Nc2ccccc2NC2=C1C(=O)CC(C)(C)C2,train
COC(CNc1cc(C)nc2ccnn12)c1cccs1,train
CC(CC1CCCC1)C(=O)Nc1cc(-n2cnnn2)ccc1F,train
NS(=O)(=O)c1ccc(CCNC(=O)Cc2cccc(F)c2)cc1,train
Cc1csc(C(C)CNC(=O)Nc2cscc2C)n1,train
CCC(C)C(NC(N)=O)C(=O)Nc1ccc(N2CCOCC2)nc1,train
Cc1cc(NC(=O)c2ccc(C(=O)N(C)C)cc2)[nH]n1,train
CCC1CCCN(C(=O)c2cc(Br)ccc2F)C1,train
O=C(c1cn(-c2ccc(Cl)cc2)nn1)N1CCCC1,train
COCc1c(C(=O)Nc2cccc(C)c2)nnn1-c1ccc(C)cc1,train
CCOC(=O)CN(C)C(=O)c1cc(N)cn1CC,train
CCc1ccc(CN(C)c2cncc(-n3cccn3)n2)cc1,train
CC1CCc2c(sc(NC(=O)CN3CCOCC3C)c2C#N)C1,train
CC(C#N)Cn1cc(C(F)(F)F)cc(Cl)c1=O,train
Cc1cc(C(=O)Nc2ccccc2-c2nnnn2C(C)C)on1,train
Cn1cnnc1-c1cccc(NC(=O)Cc2ccc(F)cc2F)c1,train
CC(C)Cc1cc(C(=O)NCCSc2nnnn2C)on1,train
Cc1noc(CCC(=O)Nc2ccccc2N2CCCC2)n1,train
CCOC(=O)C(NC)c1cccc(-n2cccn2)c1F,train
COc1cccc2c1ccn2CCNC(=O)COc1ccccc1,train
Cc1cc(-c2ccc(Cl)cc2)cn2nc(N)nc12,train
Nc1ccc(NCc2ccc3c(c2)OCO3)c(Cl)c1,train
CC(C)(C)CC1CCCN1C(=O)Nc1ccccc1N1CCCC1=O,train
COC(=O)N1CCC(CNC(=O)Cc2ccsc2)CC1,train
Cc1cc(C)cc(C(=O)NCC(=O)NCC(F)(F)F)c1,train
CCc1noc(CN(C)C(=O)Nc2ccc(OC(C)C)cc2C)n1,train
CCc1cc(C(=O)Nc2ccc(Cl)cn2)cs1,train
O=C(NCCCSc1ccccc1)c1cccnc1,train
CC(O)CN1CCN(C(=O)c2cccc3c2OCO3)CC1,train
O=C(NCc1ccco1)c1ccc2c(c1)nc1n2CCOC1,train
CCCCN(C)C(=O)COc1ccc(NC(C)=O)cn1,train
O=S(=O)(NCCOc1ccc(F)cc1)c1ccccc1,train
O=C(Nc1ncccc1F)C1CSc2ccccc21,train
O=C(Nc1nc(-c2ccco2)n[nH]1)C1CCOCC1,train
CC(=O)Nc1ccc(C(=O)Nc2nc(C)no2)cc1,train
CCCC(C)(C)NC(=O)c1ccc(OCC(F)F)nc1,train
COc1ccc2c(c1)CC(C(=O)NCc1ccc(C)o1)CO2,train
CC1CCN(C(=O)c2cc(C(N)=O)cs2)C(c2ccco2)C1,train
CCC(=O)N1CCCCC1C(=O)OC(C)COc1cccc(F)c1,train
CC(NC(=O)C1(O)CCCC1)c1cccc(-n2cccn2)c1,train
Cn1c(=O)cc(C(=O)N2CCCC(O)(CO)CC2)c2ccccc21,train
CC(NS(=O)(=O)c1ccc2c(c1)CCC(=O)N2)c1ccncc1,train
CCCCc1ccc(NC(=O)c2ccc(C)nc2N)cc1,train
CCOC(CC)C(=O)Nc1ccc(CN2CCOC2=O)cc1,train
Cc1cc(NC(=O)COc2nncc3ccccc23)no1,train
COCCCNc1nn2nnnc2c2ccccc12,train
Cn1cc(C2Nc3ccccc3C(=O)N2C2CC2)c(-c2ccncc2)n1,train
Cc1noc(CC2COC3CN(C(=O)c4cnoc4C)CC23)n1,train
CCn1c(C(=O)Nc2ccon2)cc2sccc21,train
Cc1nn(C)c(C)c1CCC(=O)Nc1c(F)cccc1N1CCCC1,train
Cc1cc(Cl)ccc1NC(=O)CCNC(=O)c1ccoc1,train
Cc1ccc(-c2ccc(C(=O)NC(C)C3CCOC3)s2)o1,train
CC(C)NC(=O)C(C)Oc1ccc(Br)cc1,train
CC1=Nc2nc(CCCO)nn2C(c2ccccc2F)C1C(N)=O,train
Cc1ccc2ncc(C(=O)N3CC=C(c4cccs4)CC3)n2c1,train
N#Cc1cccc(NC(=O)c2cc3c([nH]c2=O)CCCC3)c1,train
CN(CC1CC1)C(=O)c1ccc2c(c1)NC(=O)CO2,train
COc1ccc(OC)c(C(C#N)CC(=O)NC(C)(C)C)c1,train
CCOC(=O)Cc1nc(N)ncc1C(=O)OCC,train
Cc1nc(N2CCc3nnc(C(C)C)n3CC2)c2c(C)noc2n1,train
CC1CCCCC1NC(=O)COC(=O)c1ccccn1,train
COc1cccc(NC(=O)C2CC(=O)Nc3ccccc32)c1,train
N#Cc1cccc(CS(=O)(=O)N(CC2CC2)C2CC2)c1,train
Cc1cc(C)cc(NC(=O)c2cn(CC(=O)N(C)C)nn2)c1,train
CC(C)OCCCNC(=O)Nc1cccc(N2CCCC2=O)c1,train
O=C(NCCCOc1cccc2cccnc12)c1cc(F)ccc1F,train
Cc1cnn(CC2CCCN2C(=O)c2sccc2-n2cnnn2)c1,train
CC1CCc2nc(NC(=O)NCCCN3CCOCC3)sc2C1,train
CC1COCCN1CC(=O)Nc1sccc1C(N)=O,train
CC1COCC(C)N1S(=O)(=O)c1ccccc1,train
COc1cccc(NC(=O)N2CCN3C(=O)C(=O)NCC3C2)c1,train
CNc1cc(C)nc(-c2cc(NCCO)nc3[nH]ccc23)n1,train
CC(NC(=O)C(C)(C)C)C(=O)Nc1ccccc1F,train
CCOC(=O)c1nn(CC(=O)OC)c(N)c1C#N,train
NC(=O)C1(NS(=O)(=O)c2cccc(F)c2)CCCCC1,train
CC(C(=O)Nn1cnc2ccccc21)n1c(=O)oc2ccccc21,train
Cc1ccc2c(CC(=O)Nc3ccc(NC(N)=O)cc3)coc2c1,train
N#Cc1cc(F)ccc1NC(=O)NCCc1ccccn1,train
CC(c1ccccc1F)N(C)C(=O)Nc1nnc(C(F)(F)F)s1,train
Cn1cc(Br)cc1C(=O)N1CCCC(n2cncn2)C1,train
O=C(Nc1cn[nH]c1)N1CCC(CCc2ccc(O)cc2)CC1,train
CC(C)n1cc(Br)cc1C(=O)N1CCCCCC1,train
CC(C)Nc1cccc(C(=O)Nc2ccncc2)c1,train
Nc1ccc(-c2nc(-c3ccccc3Cl)n[nH]2)cc1,train
CCCNC(=O)COc1ccc(C(=O)NCC)cc1N,train
CC(C)N(C(=O)CSc1nc2sccc2c(=O)n1C)C(C)C,train
O=C(COC(=O)C1CC(=O)N(CC2CC=CO2)C1)C1=NC=CC1,train
Cc1ccc(-n2nnc(CO)c2-c2cccs2)cc1,train
O=C(CSc1nnnn1C1CCCCC1)NC1CC1,train
Cc1cc(C)cc(C(=O)Nc2sccc2C(N)=O)c1,train
O=S(=O)(NCC1CCCO1)c1cccc(F)c1,train
FC(F)(F)c1ccc(SCc2nc(C3CC3)no2)nc1,train
CCC(=O)c1ccc(OCC(=O)Nc2cc(C)nn2C(C)(C)C)cc1,train
O=C(NCCn1ccnc1-c1ncccn1)Nc1c(F)cccc1F,train
CCCCN(C)S(=O)(=O)c1ccc(F)c(S(C)(=O)=O)c1,train
CCc1ccc(C2CC(=O)Nc3c2c(C)nn3C2CCCCC2)o1,train
O=C(CCNC(=O)c1ccoc1)Nc1cccc(Cl)c1,train
CC(C)(O)C1CCCN1C(=O)NC(CC1CCOC1)c1ccccc1,train
CCc1cn[nH]c1C1CCN(C(=O)c2cccc3c2NCCC3)CC1,train
CC1CCCCC1Nc1nc2ccccc2n2nnnc12,train
CCC(=O)N1CCCN(C(=O)c2ccc3c(c2)nc(C)n3C)CC1,train
C=CCn1c(SCC(N)=O)nnc1-c1cccc(Cl)c1,train
C=CCc1cc2c(c(OC)c1O)C(C1CCCO1)NCC2,train
CS(=O)(=O)c1ccc(OCCNC(=O)NC2CCCCC2)cc1,train
O=C(Cc1ccc(F)cc1)NCCOc1cccnc1,train
CCCn1c(CCNC(=O)c2ccc(F)cc2F)nc2cccnc21,train
CC1CC(N(C)CC(c2cccs2)N2CCOCC2)C(=O)O1,train
CCN(CC)C(=O)CSc1nnnn1-c1ccc(OC)cc1,train
CCOC(=O)C1CCCN(C(=O)c2ccc(OC)c(OCC)c2)C1,train
NC(=O)CSc1nc(-c2ccccc2F)n[nH]1,train
Cc1nn2cnnc2c(C)c1CCC(=O)NCCC1=CCCCC1,train
CNc1nc(-c2ccco2)nc2sc3c(c12)CCC3,train
Cc1ccc2cc(C(=O)N3CCN(C(=O)N(C)C)CC3)[nH]c2c1,train
COc1cc(C)ccc1NC(C)c1nc(C(C)C)no1,train
CC(=O)NCC1CCN(C(=O)c2ccc(C)nc2)CC1,train
CCCn1c(C)nnc1SC(C(=O)NC1CC1)c1ccc(F)cc1,train
COCCNC(=O)NCC(C)(C)c1ccc2c(c1)OCCO2,train
CC(=O)NCCNc1nccc2c(N)cc(F)cc12,train
COc1ccc(-c2cc(C(=O)NCC3CC3)n(C)n2)c(F)c1,train
CC(C)OC(=O)Cn1c(C(=O)OC(C)C)cc2c1ccn2C,train
C=CCNC(=O)NCc1cn(-c2ccc(OC)cc2)nn1,train
COCCOc1ccccc1C(=O)NCC1CCOC1,train
O=C(c1ccncc1)N1CCC(CCOCc2ccccc2)CC1,train
CC(=O)Nc1ccc(CC(=O)N(C)c2ccccc2)cc1,train
COc1ccc(C(C)NC(=O)c2c(C)nn3cccnc23)cc1F,train
Cc1noc(C)c1CN(C)C(=O)NCc1ccc(Cl)cc1,train
CC(C)(C)OC1CCN(Cc2cnc(-c3cccs3)s2)CC1,train
CC(C)CCOC(C)C(=O)NC(C)c1nnc2ccccn12,train
CCC(C)C(NS(=O)(=O)c1ccc(F)c(F)c1F)C(N)=O,train
Cc1cc(C(=O)NCc2ccnc(OC3CCC3)c2)oc1C,train
N#Cc1ccc(NC(=O)CCCOc2ccccc2F)cc1,train
COc1ccc(Cc2nn3c(C(F)(F)F)nnc3s2)cc1OC,train
COc1cccc(NCc2cc3cc(OC)ccc3[nH]c2=O)c1,train
O=C(c1ccc2cc[nH]c2c1)N1CCN(C(=O)C2CCCO2)CC1,train
O=S(=O)(Nc1nc2c(s1)CCCC2)c1ccccc1,train
N#Cc1cccnc1N1CCCC2(CCC(=O)N(C3CC3)C2)C1,train
COCc1nc(C(=O)Nc2cccc(-c3cn[nH]c3)c2)cs1,train
CCOc1cc(C2C(C(N)=O)=C(C)Nc3ncnn32)ccc1OC,train
Cc1cc(C)c(C(=O)OCc2ncc(C(C)(C)C)o2)c(=O)[nH]1,train
CCc1onc(C)c1NC(=O)N1CCCC1CN1CCOCC1,train
COC(=O)C(C)(N)c1ccc(F)c(Br)c1,train
COC(=O)Cc1csc(NC(=O)c2ccc(=O)n(C)n2)n1,train
Cc1ccc(NC(=O)c2cc3c([nH]c2=O)CC(C)(C)CC3=O)cc1,train
CCC(NC(=O)NC(C)(C)c1ccccc1OC)c1ccncc1,train
COc1ccc(Cl)cc1S(=O)(=O)Nc1ccccn1,train
CC(=O)N1CCCC(c2nc(C)cc(-c3ccccc3C)n2)C1,train
Cc1c(C(=O)Nc2ccccc2C(N)=O)oc2c(Cl)cccc12,train
O=C(NC1CCCc2c1cnn2Cc1ccccc1)c1ccon1,train
COc1ccc(C(=O)Nc2nc(N)n(-c3ccccc3)n2)cc1OC,train
COC(=O)CCNc1ncc(Br)c2cccc(N)c12,train
Cc1nc(C(=O)Nc2nc[nH]n2)c(-c2cccc(F)c2)s1,train
NC(=O)c1ccc(OCC(=O)c2ccccc2)cc1,train
CC(Cc1c(F)cccc1F)NC(=O)CSc1ncn[nH]1,train
CC1CC(C)CN(C(=O)Cn2nc(-c3ccco3)cc(N)c2=O)C1,train
O=C(NCc1ccc(F)c(F)c1)c1ccc2nccn2c1,train
CCN(CCO)C(=O)CCn1cnc2sccc2c1=O,train
CCOc1ccc(C(=O)NCC2CN3CCCCC3CO2)cn1,train
CCC(NC(=O)NC(C)c1cccc(NC(C)=O)c1)c1ccncc1,train
N#Cc1ccc(CNc2cc(Cl)ccc2-n2cccn2)cc1,train
Cc1ccc(-n2nnc(C(=O)NCc3ccccn3)c2C)cc1C,train
O=C(c1c(Cl)cccc1Cl)N1CCN(Cc2ccccc2)CC1,train
CCOC(=O)c1c(C)oc(N)c1C(=O)C(C)(C)C,train
COCC1(C(=O)NCc2cccnc2Oc2ccc(F)c(F)c2)CC1,train
CCOc1cc(F)ccc1NC(=O)CCSc1ccccn1,train
CCn1c2ccccc2c2cc(NC(=O)c3cc[nH]n3)ccc21,train
COc1ncccc1NC(=O)c1ccc(C(N)=O)nc1,train
COc1ccccc1-c1noc(C(=O)Nc2ccccc2)c1N,train
O=C(Cn1ccc(=O)[nH]c1=O)N1CCCC1c1cccs1,train
CCC(C)(C#N)NC(=O)COc1ccc(F)cc1F,train
CC(Cc1ccc(Br)cc1)NC(=O)C(C)n1ccnc1,train
CC(=O)N1CCC(c2nccnc2Nc2nc(C)cs2)CC1,train
Cn1ncc2c(N3CCCC(C(=O)Nc4nccs4)C3)ncnc21,train
COc1cc(OC)nc(Sc2ccccc2CO)n1,train
Cc1ccc2cccc(NC(=O)c3ccccc3)c2n1,train
CCOc1nc(C2CC2)nc(NC(C)(C)CC(C)(C)C)c1N,train
COc1ccc(OC)c(NC(=O)NCC2CC2C)c1,train
Cc1nc(CNC(=O)Nc2ccc(-c3ccccc3)cc2)n[nH]1,train
CCCC1CCC(NC(=O)CNS(=O)(=O)c2cccs2)CC1,train
CN(C)C(=O)COCc1cncc2c1CCN(C1CCOC1)C2,train
CC(=O)NC(C(=O)Nc1cc(C)nn1C)C1CCCC1,train
C=CCNc1ncnc(Nc2cccc(C)c2C)c1N,train
COc1cc(C(=O)N(C)Cc2ccccc2)cc(OC)c1OC,train
CCOC(=O)c1cc(CC)sc1NC(=O)CC#N,train
CC(=O)NC(C)C(=O)Nc1cccc(Cl)c1N(C)C,train
CC(=O)Nc1cccc(-c2nccn2CC(O)CO)c1,train
CCNC(=O)CNc1cc(Cl)ccc1-n1cccn1,train
c1csc(CCNCc2cnc(N3CCCC3)nc2)n1,train
C=CCN(CC(F)(F)F)C(=O)c1ccc(S(N)(=O)=O)o1,train
CC(=O)c1c(C)[nH]c(C(=O)OCc2coc(-c3cccs3)n2)c1C,train
CCc1cc2c(=O)n(CC(=O)c3ccc(F)cc3)cnc2s1,train
CC(=O)Nc1cc(C(=O)N2CC(C(N)=O)CCC2C)ccc1F,train
O=S(=O)(Cc1ccn(-c2ccccc2)n1)c1ccc2ccccc2n1,train
OCC1CCCCC1Nc1ncc(Br)cn1,train
N#CC1C(=O)Nc2c(cnn2C2CCCC2)C12CCCC2,train
O=C(c1ccco1)N1CCC2(CCCN2c2ncccn2)CC1,train
CC(C(=O)NCC1CCCO1)n1ccc(C(F)(F)F)n1,train
CC1COCC(C)N1C(=O)c1cccc(Oc2cnccn2)c1,train
COc1ncc(C(=O)N2CCCC2c2nc(C(C)C)cc(=O)[nH]2)cn1,train
Cc1ccc(F)c(C(=O)N(CC2CCOC2)C2CC2)c1,train
COCCC(=O)Nc1cc(CCc2ccccc2)n[nH]1,train
CCCn1c(SCC(=O)Nc2ccc(C(C)(C)C)cc2)n[nH]c1=O,train
C#CCNC(=O)c1ccc(NC(=O)c2ccco2)cc1,train
Cc1noc(C(C)OC(=O)C2CSc3ccccc3O2)n1,train
Cc1ccc(C)c(S(=O)(=O)Nc2cccc(C(=O)N(C)C)c2)c1,train
COc1cccc(-c2nn(-c3cc(C(F)(F)F)ccn3)c(=O)o2)c1,train
Cc1nn(-c2ccccc2)c(C)c1C=Cc1nc2ccccc2c(=O)[nH]1,train
O=C(Cn1c(-c2ccccc2)noc1=O)NCc1cc(F)cc(F)c1,train
NC(=O)c1ccc(Cl)cc1OCC(=O)NCC1CC1,train
O=c1cc(CSc2nc(-c3ccccc3)n[nH]2)[nH]c2ccccc12,train
CC(CNC(=O)N(C)Cc1ccncc1)N(C)c1ccccc1,train
CCc1ccc(OC(=O)CCNC(=O)c2cccs2)cc1,train
COc1ccc2nnc(C(=O)NCc3ccccc3)nc2c1,train
Cc1nc(N2CCCC3(CNC(=O)O3)C2)c2cnn(C)c2n1,train
c1csc(-c2nc(CN3CCOCC3C3CC3)co2)c1,train
Cn1ccn2ncc(C(=O)N3CCN(c4ncccn4)CC3)c12,train
CCCC(=O)N1CCC(C(=O)NCc2ccnn2C)CC1,train
CC(C(=O)Nc1ccc2c(c1)nc(C1CC1)n2C)C1CC1,train
CN1CN(C(=O)Nc2ccccc2Oc2cccc(F)c2)CC1=O,train
CC(C)c1ccc(C2CC2C(=O)OCc2nc(N)nc(N)n2)cc1,train
O=C(c1cc2c([nH]c1=O)CCC2)N1CCCC1Cc1ccc(F)cc1,train
N#Cc1ccc(NC(=O)CSc2ccccc2)cc1,train
O=S(=O)(NCCc1ccccc1F)c1ccc(F)c(F)c1F,train
CC(C)CC(=O)Nc1ccc2c(c1)CN(C(=O)C1CC1)CC2,train
CCCn1nc(C#N)cc1-c1ccc(OC)cc1OC,train
O=C(c1ccc(F)cc1)N1CCN(c2cnccn2)CC1,train
CCN1C(=O)Cc2ccccc2C1C(=O)NCc1cc(F)ccc1F,train
COc1cc2c(cc1CNC(=O)c1cccc(OC)c1F)OC(C)C2,train
Cc1ccc(C)c(OCCCC(C#N)C(=O)N2CCCC2)c1,train
CC(C)n1nnnc1SCC(=O)NC1CCCC1,train
O=C(c1ccncc1)N1CCc2ncnc(-c3ccc(F)cc3)c2CC1,train
Cc1nc(C(=O)Oc2cccc(C(=O)N(C)C)c2)cs1,train
CC(Sc1nc2ncccn2n1)c1nnc(-c2cccs2)o1,train
CCN(C)C(=O)NC(C)c1c(C)nn(CC(F)(F)F)c1C,train
CC(CCC1CCCC1)NC(=O)NCc1ncn(C)n1,train
CC(C)(C)OC(=O)Oc1ccc2c(c1)CCC(=O)N2,train
COC(=O)C(CNC(=O)C1C2CCCC21)Oc1ccc(F)cc1,train
CN(C)C(CNc1ncnc2[nH]cnc12)c1cccs1,train
Cc1cc(C)c(CNC(=O)c2ccc(-n3cccc3)c(F)c2)c(=O)[nH]1,train
Cc1nc(NC(=O)c2cc(N)ccn2)sc1C(=O)N(C)C,train
CNC(=O)Cn1cc(NC2CCCCC2C)cn1,train
CCNC(=O)Cn1nc(C)c2c(C(F)(F)F)cc(C3CC3)nc21,train
O=C(Cc1cccs1)NCC(O)c1ccc(Cl)cc1,train
COCCCNc1ncnc(N2CCCCC2C)c1N,train
Brc1ccccc1Cc1cnc2ccnn2c1,train
COc1cc(C)nc(N(CCO)Cc2cccnc2)n1,train
Cc1ccc(-c2cnc(CCC(=O)NCc3ccco3)o2)cc1C,train
C=CCn1c(SCc2nnc(CC)o2)nnc1C(C)(C)C,train
N#Cc1ccc(Sc2nnc(-c3ccc[nH]3)o2)nc1,train
Cc1ccc(C(=O)NCC2COCc3c(C)nnn3C2)cn1,train
COc1ccc(NC(=O)N2CC3CCC(C2)N(C)C3=O)cc1Cl,train
CC1CCN(C(=O)COC(=O)COc2ccccc2C#N)CC1,train
COC(=O)Cc1csc(N(C)C(=O)Cc2c(F)cccc2F)n1,train
Cc1ccc(-c2nnn(CC(O)CN3CC(C)OC(C)C3)n2)cc1,train
Cc1nnnn1C(Cc1cccc(F)c1)C(=O)N1CC(C)OC(C)C1,train
CCOc1ccc(F)c(C(=O)N(C)Cc2ccccc2)c1F,train
CC1c2ccsc2CCN1C(=O)NC1CCC(O)CC1,train
CC(C)c1nc(CN(C)C(=O)c2ccc(-c3nc[nH]n3)cc2)cs1,train
O=C(NCCCO)c1cnn(-c2ccc(Cl)cc2)c1C(F)(F)F,train
Cc1cccc(-c2ccc(C(=O)N(CCO)CCO)o2)c1C,train
C=CCNC(=O)c1sc2ncnc(NCc3ccco3)c2c1C,train
Cc1ccc(NC(=O)CN(C)C(=O)c2cccc(N(C)C)c2)cc1,train
CC(C)c1cc(NC(=O)C2CCCN2C(=O)Cc2cccs2)[nH]n1,train
NC(C(=O)Nc1cc(Cl)ccc1Cl)c1ccccc1,train
O=C(NCc1noc(-c2cccs2)n1)c1cnccn1,train
CC(C)CC(=O)N1CCN(C(=O)C2CCC2)CC1,train
CN1CC(C(=O)NCC(c2ccccc2)N2CCOCC2)CC1=O,train
CCCCNc1nc(C(=O)OCC)nc2ccccc12,train
O=C(Nc1nccs1)c1cc(-c2cccs2)[nH]n1,train
C=CCN(Cc1ccc(OC)cc1)C(=O)NCc1ccco1,train
COc1cccc(-c2cc(COC(=O)c3ccccn3)no2)c1,train
COc1cc(C(=O)N2CCC(Cc3ccccc3F)CC2)ccn1,train
Cc1cc(C(=O)NCCn2nc(-n3cccn3)ccc2=O)no1,train
Nc1ncccc1C(=O)NC1(c2ccc(Cl)cc2)CC1,train
O=C(CCc1ccc2c(c1)OCO2)Nc1cccnc1N1CCCC1,train
CC(=O)N1CCc2cc(NC(=O)C(NC(N)=O)C(C)C)ccc21,train
COC(=O)c1ccccc1C(=O)Nc1sc(C)c(C)c1C#N,train
CC1CCN(C(=O)C2CCN(c3cnc4ccccc4n3)CC2)CC1,train
O=C(NCCc1ccc2c(c1)OCCO2)c1cc(C2CC2)on1,train
CNC(=O)c1cccc(NC(=O)c2ccc(F)c(NC(C)=O)c2)c1C,train
COc1ccc(-c2n[nH]cc2CN2CCc3ccccc3C2)cc1F,train
CCCC(O)c1cc(F)c2c(c1)C(NC(=O)CC)CCO2,train
COc1ccc2cc(CNC(=O)c3cccnc3)ccc2c1,train
NS(=O)(=O)NCc1ccc(-c2cccnc2)cc1,train
CCOc1ccc(S(=O)(=O)NCC(O)c2ccc(C)o2)cc1,train
CCOCC(=O)N1CC2CCN(c3ncccn3)CC2C1,train
CC(C)CC(C)N(C)C(=O)CCn1cc(S(N)(=O)=O)cn1,train
CCN1CC(C(=O)NCC2CCN(c3cccc(OC)c3)C2)CC1=O,train
NS(=O)(=O)c1cccnc1NC(c1ccccc1)c1ccccn1,train
COc1ccc(CNc2ccc(NC(=O)C3CC3)nc2)cc1F,train
CC(c1ccccc1)N(C)C(=O)CS(=O)(=O)c1ccc(F)cc1,train
COc1ccc(CN(C)c2ncccc2C(N)=O)cc1F,train
CCCN(CCO)C(=O)Nc1nc2ccc(OC)cc2s1,train
COCCn1nc(C)cc(-c2nnc(NC(C)C)s2)c1=O,train
Cc1cccc(NC(=O)NC(C)C(=O)N2CCCCC2C)c1C,train
Cc1ccc(-c2cc(=O)c3cc4c(cc3o2)OCCO4)cc1N,train
O=C(CC1CCCC1)N1CCC(Nc2cccnc2)C1,train
CC(=O)c1c[nH]c(C(=O)NCc2ccc(C)cc2OCC2CC2)c1,train
O=C(c1cc2c(s1)CCN2C(=O)C1CC1)N1CCCC1,train
Cn1ccnc1SCC(=O)Nc1ccccc1SCC#N,train
Cc1cc(C(=O)NC2CC(C)(C)OC2(C)C)on1,train
CC(C)C1CCCN1C(=O)Cn1cc(Br)c(=O)[nH]c1=O,train
NC(=O)CNC(=O)c1cccc(N2CCCC2=O)c1,train
Cc1cn2cc(C(=O)N3CC4CC(C3)c3cccc(=O)n3C4)ccc2n1,train
Cc1ncnc2oc(-c3ccco3)c(-c3ccco3)c12,train
CCOC(=O)c1coc(N(C)CC2Cc3ccccc3CN2C)n1,train
O=C(Nc1ccc2c(c1)OCO2)NC1COc2ccccc2C1,train
COc1c(CN2CC(c3ccc(F)cc3)CC2C)c(C)nn1C,train
CCCNC(=O)Cn1cc(C(F)(F)F)ccc1=O,train
O=C(c1cnc2c(c1)CCCC2)N(Cc1ccc2[nH]ccc2c1)C1CC1,train
CN(C(=O)Cc1cc(Cl)c2c(c1)OCCO2)c1cccc(C#N)c1,train
O=C1COc2ccc(C(=O)NC3C4CC5CC(C4)CC3C5)cc2N1,train
CCNC(=O)N1CCN(c2ncnc3sc(CC)cc23)CC1,train
Cc1cc(C(=O)NC(C)c2cc(F)c(Cl)cc2Cl)no1,train
Cc1ccc(CNC(=O)c2ccc(OC(F)F)cc2)n1C,train
CCc1cccc(C)c1NC(=O)NCc1cccc(OC)c1OC,train
c1ccc(-c2noc(CCCSc3nnnn3C3CC3)n2)cc1,train
Cc1nc(Cn2cnc3c(oc4ccccc43)c2=O)no1,train
Cc1cccc(OCc2nnc(SC(C)C)o2)c1,train
CCC1c2ccsc2CCN1C(=O)c1sc(C)nc1C,train
NC(=O)c1cc(-c2ccccc2)sc1NC(=O)C1CCOCC1,train
O=C(NCc1cccnc1OCC(F)(F)F)NCC1CCOC1,train
CC1(C)C2CCC1(C)C(NC(=O)c1n[nH]c(=O)[nH]1)C2,train
Cc1cc(C(=O)N(Cc2ccccc2)c2ccc3[nH]c(=O)[nH]c3c2)no1,train
CC(=O)c1cccc(NS(=O)(=O)c2cc(C)ccc2C)c1,train
Cn1nc(C(=O)N2CC(C)(C)Sc3ccccc32)ccc1=O,train
COc1ccc(Cl)cc1C(O)CNC(=O)c1ccccc1,train
CCC(=O)Nc1ccc(C)c(NC(=O)Cc2c(CC)noc2CC)c1,train
O=C(CCNC(=O)NC(CO)c1ccccc1)NC1CCCC1,train
COc1cc(NC(=O)c2sc(-n3cccc3)nc2C)cc(OC)c1,train
OC(Cn1nccc1-c1ccncc1)c1cccc(Cl)c1,train
CCc1ccccc1NC(=O)CN(C)C(=O)C(C)NC(C)=O,train
CCSc1nnc(NC(=O)c2nc3nccc(C)n3n2)s1,train
CCc1ccc(N)cc1S(=O)(=O)NC(C)COC,train
COC(=O)N(C)c1ccc(NC(=O)c2cc[nH]n2)cc1,train
CCCOc1ccc(S(=O)(=O)N2CCN(C)CC2)cc1C,train
Cn1c(C(F)(F)F)nn(Cc2cccc(Cl)c2)c1=O,train
Cc1c(CCC(=O)NCc2ccco2)c(=O)oc2cc(O)ccc12,train
Cc1cc(C)cc(-c2ccc(C(=O)N(CCO)CCO)o2)c1,train
COCCOc1cccc(C(=O)Nc2cc(OC)ccn2)c1,train
CN(C(=O)C1CCCO1)c1nnc(-c2cnccn2)s1,train
COCCOCC1CCN(C(=O)Nc2ccc(C(C)=O)c(C)c2)C1,train
COCCNC(=O)N1CCN(c2nc3c(C)cccc3s2)CC1,train
COc1ccc(CCNC(=O)Cn2ccc3ncccc3c2=O)cc1,train
CCN(CC)C(=O)COc1ccc(C(=O)C(C)C)cc1N,train
CC(NC(=O)CN(C)c1ccc(N)cn1)c1ccccc1,train
COC(=O)Cn1ncc2c(NCc3c(C)cc(C)[nH]c3=O)ncnc21,train
CC(NC(=O)CC(C)(O)C1CC1)c1nc(C(C)(C)C)cs1,train
CCCCN(CC)C(=O)Nc1cccc(Cn2ccnc2)c1,train
Cc1nn(-c2ccc(C(=O)NC(C)C)cc2)c2c1C(=O)CCC2,train
CCCOc1ccc(CNC(=O)c2ccc(=O)n(C)c2)cc1,train
CCc1ncncc1C(=O)N1CCC(Cc2cccc(F)c2)CC1,train
O=C(OCC1CCCCO1)C1(c2cccc(F)c2)CCOCC1,train
COC(=O)c1ccc(CN(C(C)C)C(F)(F)F)cc1,train
O=C(c1ccoc1)N1CCCc2cc(C(F)(F)F)ccc21,train
COc1ncc(C)cc1NC(=O)NCc1ncn(C)n1,train
COc1cc(CN2CC3NC(=O)COC3C2)cc(OC)c1OC,train
CCCNC(=O)C1CN(c2nc3c(F)cccc3s2)C1,train
Cc1cnc(CCNC(=O)c2cnn(-c3ccc(Cl)cc3)c2)s1,train
C=CCNC(=O)COC(c1ccccc1)c1ccccc1,train
Cc1noc(C)c1C(=O)NCCNC(=O)OC(C)(C)C,train
CC(C)(C)c1ccc(-c2nc(Cn3cncn3)n[nH]2)cc1,train
CCC(C)(NC(=O)Nc1cccnn1)c1nccs1,train
CC(C)CC(NC(=O)N1CCOC(CO)C1)c1ccc(Cl)cc1,train
CCOC(=O)c1cc(Br)c(=O)n(C)c1,train
COc1cc(C)c(S(=O)(=O)N2CCOCC2)cc1C(C)C,train
COCCNc1ccnc(C2COCCN2S(=O)(=O)C2CC2)n1,train
Cc1csc(CNC(=O)COCC(F)(F)F)n1,train
Cc1cccc(NC(=O)c2n[nH]c(=O)c3ccccc23)n1,train
N#Cc1cccc(NS(=O)(=O)c2ccccc2)c1,train
COc1cccc(CN(C)C(=O)COc2ccc(F)cc2F)c1,train
Cc1ccc(CN2CC(C)OC(C(N)=O)C2)c(Br)c1,train
Cc1ncsc1C(=O)N1CCCC1c1ccccn1,train
CCN(CC1CCOC1)C(=O)Cn1ccc(C(F)(F)F)n1,train
CC(NCCN1CCOCC1)c1ccc(F)cc1,train
Cc1ccsc1C(=O)C(C#N)c1nc(-c2ccc(C#N)cc2)cs1,train
CCNC(=O)CNc1cc(Cl)ccc1C(=O)N1CCCCC1,train
CNC(=O)c1c(C)nc(N)nc1COc1cc(C)cc(C)c1,train
CCCOc1cc(NC(C)(C)C)nc(COC)n1,train
COc1ccc(CN(C)C(=O)c2ccc(C)nc2OC)cc1O,train
CC(=O)N(C)Cc1cccc(NC(=O)NC(C)c2ccncc2)c1,train
COc1ccc(NC(=O)CNc2ccccc2Cl)cc1OC,train
CCOC(C)c1noc(CN2CC(C)C(=O)Nc3ccccc32)n1,train
COc1cccc(C(=O)Nc2cc(C)nn2C(C)(C)C)c1,train
CNC(=O)NCC(=O)N1CCN(C(=O)c2ccc(C)s2)CC1,train
Cc1nc(NC(=O)c2ccncc2F)sc1Cc1ccccc1F,train
CCN(CC)C(=O)CN1CC(c2ccccc2)OCC1(C)C,train
CC1CCN(C(=O)Cc2csc(-c3cccnc3)n2)CC1,train
CC1CC(C)CN(C(=O)Cc2ccc(F)cc2F)C1,train
O=C(c1cn2cccnc2n1)N1CCC(c2cc3ccccc3[nH]2)CC1,train
O=C(OCc1ccccc1F)C1CCCN1C(=O)c1ccco1,train
CCc1csc(C2CCCN(Cc3cnc4ncccn34)C2)n1,train
O=C(NCC(O)c1ccccc1Cl)Nc1nnc2ccccn12,train
Cc1nc2ccccc2n1CCNC(=O)NC1CC1,train
Oc1cccc(NCc2ccc(F)c(F)c2F)c1,train
CN(C)S(=O)(=O)n1c2ccc(F)cc2c2nc3ccccc3nc21,train
Cc1ccccc1OC(C)C(=O)NCc1cccnc1,train
CCc1sc(C(=O)N2CCNC(=O)C2C)cc1C,train
CCCS(=O)(=O)NCC(O)c1ccc(C)c(C)c1,train
N#Cc1cccc(COc2ccc(NC(=O)c3cccnc3)cc2)c1,train
COc1cccc(CSc2n[nH]c(=O)n2CC2CCCO2)c1,train
CCC(=O)Nc1cccc(C=Cc2ccccn2)c1,train
O=C(Nc1ccc(Br)cc1)c1ccc2[nH]cnc2c1,train
O=C(COC(=O)c1cc2ccccc2[nH]1)NCC(F)(F)F,train
O=C(Cc1cccc(O)c1)Nc1cccc2cnccc12,train
CCCCN(Cc1ccc(F)cc1)C(=O)c1cc[nH]n1,train
COc1cccc(OC2CN(C(=O)Cn3cccnc3=O)C2)c1,train
Cc1cccc(CC(=O)NCc2cc(-c3ccccn3)n(C)n2)c1,train
CC(CO)NC(=O)NC(C)c1cccc(OC(F)F)c1,train
Fc1ccc(Br)c(CN2CCOC(C3CCCO3)C2)c1,train
COc1ccccc1C1CC1c1nc(C(C)(C)NC(C)=O)no1,train
CC(=O)c1ccc(NC(=O)c2coc(-c3csc(C)n3)c2)cc1C,train
Cc1nc(C)n(Cc2nc(-c3cccc(C(F)(F)F)c3)oc2C)n1,train
COc1ncc(CNC(C)(C#N)C(C)C)c(OC)n1,train
Cn1cnc(S(=O)(=O)NCc2cc(C3CC3)n(C3CCCC3)n2)c1,train
Cc1ncc(CNC(=O)NCC2(c3ccccc3)CC2)s1,train
CN(C)C(=O)N1CCC(C(=O)Nc2ccccc2-n2cnnn2)CC1,train
Clc1cncc(OCC2COC3CN(c4cnccn4)CC23)c1,train
Cn1nccc1CNC(=O)Nc1ccc(N2CCCC2=O)cc1,train
CCCNC(=O)c1ccc(=O)n(Cc2ccc(F)cc2)n1,train
CCC(=O)NC1CCN(c2ncnc3c2cnn3C)CC1,train
COc1ccc(C(=O)N2CCCC2CN2CC(C)OC(C)C2)cc1,train
CS(=O)c1ccc(C(=O)Nc2ccc3oc(=O)[nH]c3c2)cc1,train
Cc1nn(-c2ccccc2)c(CSc2ncccn2)c1C#N,train
CC(C)CNC(=O)C1CC(=O)N(c2n[nH]c3ccccc23)C1,train
O=C(CN1CCOCC1)NCC1(c2ccccc2)CCOCC1,train
CC1CCC(O)(Cn2cc(Cl)c(=O)[nH]c2=O)CC1,train
C=CCCOC(C)C(=O)NC(C)(C)c1cccc(F)c1,train
Cn1cnnc1SCC(=O)Nc1cccc(C(F)(F)F)c1,train
CNC(=O)Cn1nc2n(c(=O)c1=O)CCN2c1ccc(C)cc1,train
COCCn1cc(C(=O)c2ccccc2O)cc(C#N)c1=O,train
Cc1ccc(Cn2c(-c3cccs3)noc2=O)cc1,train
CCn1cc(-c2nnc(SCC(=O)c3ccccc3)o2)cn1,train
Cc1noc(-c2cccnc2NCCCNC(=O)C2CCC2)n1,train
CC(C)Nc1ccnc(C2COCCN2S(=O)(=O)C2CC2)n1,train
CCN1CC(C(=O)NCCc2cccc(Cl)c2)CC1=O,train
CCc1ocnc1C(=O)N1CCN(c2cccc(OC)c2)C(=O)C1,train
O=c1oc2ccc(CO)cc2n1Cc1ccccc1,train
O=c1[nH]c(CCN2CCc3ccccc3C2)nc2ccccc12,train
Cc1cnc(CCNC(=O)CSc2nnnn2C2CC2)s1,train
CCCNC(=O)c1ccc(NC(=O)NCc2nncn2CC)cc1,train
CCCCc1nnc(NC(=O)NCc2cccc(F)c2)s1,train
NC(=O)c1ccccc1CNc1ccc(Cl)cc1Cl,train
CCCCc1cc(NC(=O)c2ccc(NC(=O)C3CC3)cc2)[nH]n1,train
O=C(c1ccco1)C(O)(c1ccccc1)c1ccccc1,train
COc1ccc(Cl)c(NC(=O)C(C)Oc2ccccc2OC)c1,train
CS(=O)(=O)N1CCC(C(=O)NCc2ccccc2)CC1,train
CC(C)(C)OC(=O)NCc1nn(C2CCCC2)c(=O)c2ccccc12,train
CN(C(=O)CCOCC(F)(F)F)c1ccc(Cl)cn1,train
CCCCC(=O)N1CCN(c2ccc(Cl)cn2)CC1,train
CC(=O)N1CCc2ccc(NC(=O)c3cccc(C)c3)cc21,train
Cc1nc(-c2c[nH]c(C(=O)NC(C)C3CCCO3)c2)cs1,train
CC1(C(=O)Nc2cccc3ccccc23)Oc2ccccc2NC1=O,train
CC(Oc1ccccc1)C(=O)Nc1ccc(-c2cc[nH]n2)cc1,train
CC1CCCCC1N(C)C(=O)CS(=O)(=O)c1ccccc1,train
CN(Cc1ccc2c(c1)OCCO2)C(=O)c1cccnc1,train
COCCCNc1nc(Nc2ccc(Cl)cc2)nc2c1cnn2C,train
Cc1ccc(S(=O)(=O)Oc2ccc(-n3ccnc3)cc2)cc1F,train
Cc1cc(C)c(CNC(=O)c2n[nH]c3c2CCC3)c(=O)[nH]1,train
Cc1cccnc1NC(=O)c1cc(Br)ccc1F,train
Cn1ncc2c(NCC3(C)CCCO3)nc(-c3ccncc3)nc21,train
COc1ccc(F)cc1NC(=O)COC1CCCCC1C,train
CCNC(=O)NC1(C(=O)NCc2ccc(C)s2)CCCC1,train
CC1(C)CCCN(C(=O)c2cc(-c3ccncc3)c3cnccc3n2)C1,train
CCC(C(=O)NC1CCCC1)n1ncc(N(C)C)cc1=O,train
COc1ccc(CCC(=O)N2CCCCCC2)cc1,train
O=C(CSc1ccc2c(c1)OCCO2)NC1CCCCC1,train
O=C(NCC(O)CN1CCOCC1)c1ccc(-n2ccnn2)cc1,train
c1cnc(NCc2noc3c2CN(c2cnccn2)CC3)nc1,train
CCc1nc(CNc2ccc(NC(C)=O)c(OC)c2)cs1,train
Cc1ccc(F)c(C(=O)N2CCCCC2C(N)=O)c1,train
C#CCNc1ccc(S(=O)(=O)NC(C)C)cc1,train
CC(=O)c1ccc(S(=O)(=O)NCCCn2cccn2)cc1,train
CCOc1cccc(OCc2nc(C)c(C(C)=O)s2)c1,train
O=C(Cc1ccc(Cl)cc1)N1CCN(Cc2ccncc2)CC1,train
O=C(Cc1csc(-c2cccnc2)n1)Nc1ccc2c(c1)OCO2,train
Cc1nn(Cc2csc(C3CC3)n2)c(C)c1CCO,train
Cc1ccc(-c2csc(NC(C)C)n2)c(=O)n1C1CC1,train
CCc1noc(C)c1C(=O)N1CCCSc2ccccc21,train
Cc1cccc2c1N(C(=O)Cc1ccc(-n3cnnn3)cc1)CCC2,train
CC(C)(CO)Nc1ncc(Br)c2c(N)cc(F)cc12,train
O=C1CCCN1CC1CCCCN1C(=O)Nc1cccnc1,train
CCc1onc(C)c1NC(=O)c1cc(C)n(Cc2ccccn2)c1C,train
CCCN(CC(=O)Nc1ccccc1C)C(=O)Cc1ccc(O)cc1,train
CCc1onc(C)c1NC(=O)CNC(=O)Nc1cccc(C)c1,train
O=C(NCCc1ccc2c(c1)OCO2)c1cccc(-n2cnnc2)n1,train
CN(C)C(=O)CC1(CC(=O)Nc2ccncc2)CCCC1,train
C=CCN(C)C(=O)C1Cc2c[nH]c3cccc(c23)C(CC(C)C)N1,train
COC(=O)Cn1ccnc1Cc1cccc(Br)c1,train
COc1ccc(CN(C)C(=O)c2cccc(F)c2)cc1F,train
Cc1nc(N(C)C)ncc1C(=O)N1CCCC1c1ccco1,train
CCOC(=O)C1CCCN(C(=O)Nc2cccc(F)c2)C1,train
CCNC(=O)Nc1cccc(C(=O)NCCO)c1C,train
CCOc1cc(S(=O)(=O)NCc2ccccn2)c(C)cc1C,train
Cc1noc(C(C)N2CCOC(Cn3nc(C)nc3C)C2)n1,train
O=C(NCC1CCOC1)Nc1cc(Cl)ccc1Cl,train
COC(=O)Cc1cc(=O)[nH]c(N2CCOCC2)n1,train
Cn1ncc2c(=O)n(CCC(=O)NC3CCCCCC3)cnc21,train
CCCCC(=O)Nc1ccc(C(=O)NCc2cccnc2)cc1,train
CC(C)NC(=O)CC(c1ccc(F)cc1)N1Cc2ccccc2C1=O,train
COc1ccc(C(=O)NC2CCN(CC(F)(F)F)C2=O)c(O)c1,train
CCC(C)n1nccc1NC(=O)Cc1coc(-c2ccc(F)cc2)n1,train
CCOc1cc(NC(=O)N(C)Cc2ncnn2C)ccc1C,train
CCc1c(C)nn(Cc2nc(-c3ccc(C)nn3)no2)c1C,train
O=C(Nc1n[nH]c(N2CCCCC2)n1)c1cccc2c1OCCO2,train
CCC(C)C1NC(=O)C2CC(NC(=O)c3ccc(F)cc3)CN2C1=O,train
CC(Nc1ccc(N(C)C(C)C)c(F)c1)C(=O)N1CCCC1,train
COc1ccc(C(=O)NC(C(=O)N(C)C)C(C)C)cc1,train
Cc1ccc2c(c1)C(=O)CC2CC(=O)N1CCN(C)CC1,train
O=C(Nc1ccnn1Cc1ccc(Cl)cc1)c1ccccn1,train
CCCN(C)C(=O)Nc1ccccc1OCCOC,train
O=c1ccc(-c2ccc(F)c(O)c2)nn1Cc1ccccc1,train
COc1ccc(C(=O)N(C)c2cccc(C(C)C)c2)nn1,train
CNc1cc(C(=O)NC(C)Cc2ccsc2)ccn1,train
O=C(CNC(=O)CNC(=O)c1cccs1)NCc1ccncc1,train
O=C(c1ccccc1-n1cccn1)N1CCC(Nc2ccccc2)CC1,train
CCOC(=O)CN(C(=O)c1oc2c(C)cccc2c1C)C1CC1,train
N#Cc1ccc(NC(=O)c2scnc2C2CC2)cc1Cl,train
CCOCC1CCN(c2nnc(-c3ccccn3)s2)CC1,train
O=C(NCCCc1nc(-c2ccc(F)cc2)no1)c1ccc[nH]1,train
O=S(=O)(NCc1cccc(Cl)c1)c1ccc2c(c1)CCC2,train
CC(=O)Nc1ccc(C)c(S(=O)(=O)NC(C)c2ccccc2)c1,train
Cc1cc(NC(=O)Cc2cccc3ccccc23)[nH]n1,train
CCOC(=O)CN(C(=O)c1cccnc1)C(C)C,train
C1Cc2nc(C3CC3)nc(Sc3nnc(N4CCCC4)s3)c2C1,train
Cc1noc(CCC(=O)Nc2cccc(OC(F)(F)F)c2)n1,train
O=C(OCc1nc2ccccc2o1)c1ccc(Cn2cncn2)cc1,train
Cc1ccccc1C(=O)Nc1cccc(NC(=O)C2CC2)c1,train
COc1cc(Cl)ccc1C(=O)NCCCc1nc(C)cs1,train
COc1cc(Cl)c(C)cc1NC(=O)C(C)Sc1nnc(N)[nH]1,train
CC(C)c1ccc(C(=O)NCc2ccncc2)c(N)n1,train
Cc1cccc(CN2C(=O)CCC3C2CCN3C(=O)C2CC2)n1,train
CC(C)C(=O)C(C#N)c1nnc(-c2ccccc2)n1C,train
CC(C)NC(=O)c1cccc2nc(C(F)(F)F)[nH]c12,train
O=C(Nc1ccccn1)c1cc(-c2cccs2)on1,train
CC(C)Oc1cccnc1NC(=O)c1ccc(NS(C)(=O)=O)cc1,train
CNC(=O)Cn1nnc(CO)c1-c1ccc(C)cc1,train
CCc1cccc(OC(=O)C2CCN(C(C)=O)CC2)c1,train
CCOC(=O)c1cnn2ccn(Cc3ccc(C(=O)OC)cc3)c12,train
O=C1CCc2cc(OCCOC(=O)c3ccc[nH]c3=O)ccc2N1,train
O=C(CCN1C(=O)CSc2ccccc21)NCC1CCOC1,train
O=C(Nc1ccc(F)cc1)c1n[nH]c2c1CCCC2,train
COc1cc(SC)ccc1C(=O)Nc1ccon1,train
COCc1nc(N2CC3(C)CC2CC(C)(C)C3)c2cnn(C)c2n1,train
CCOC(=O)c1ccc(NC(=O)c2ccc(N)cc2Cl)cc1,train
NC(=O)c1ccnc(-c2ccc(Cl)c(Cl)c2)c1,train
COCc1ccc(CNc2nnc(C(C)C)o2)cc1,train
O=C(Nc1c[nH]c2c(Cl)cccc2c1=O)N1CCOCC1,train
CCOc1ccc(S(=O)(=O)N2CCCC2)c2ccccc12,train
O=C(Nc1ccc2ccccc2n1)c1ccsc1,train
O=C(COc1ccc(F)cc1)Nc1ncccc1O,train
CCN(C(=O)c1ccc(-n2ccnn2)cc1)c1cc(C)cc(C)c1,train
Clc1ccc(-n2nnnc2CSc2ccccn2)cc1Cl,train
CN(Cc1cscn1)C(=O)c1cc(Br)cn1C,train
Nc1nc(NCC2CCOc3ccccc3C2)cc2nncn12,train
CC(=O)c1c(C)oc2ccc(NS(=O)(=O)c3ccccc3)cc12,train
COc1ncc(-c2ccc(C(C)N3CCOCC3)cc2)c(OC)n1,train
COc1ccc(CC(=O)NCc2c(C)cc(C)[nH]c2=O)c(OC)c1,train
COc1ccccc1COc1ccc(N)cc1Cl,train
CC(C)C(NC(=O)c1c[nH]nn1)c1ccc(Cl)cc1,train
CN(Cc1nc2ccccc2s1)CC1COc2ccccc2O1,train
Cc1ccccc1-n1c(C)nnc1SC(C)C#N,train
COc1ccc(C2CCCN2C(=O)c2ccn(C)c(=O)c2)cc1OC,train
O=C(Cc1n[nH]c(=O)c2ccccc12)Nc1ccccc1OC(F)F,train
N#CC(C(=O)c1ccc(C(N)=O)cc1)c1ccc(C(F)(F)F)cn1,train
OCCc1nc2ccccc2n1CCN1CCOCC1,train
CC(NC(=O)CNC(=O)OC(C)(C)C)c1ccc2c(c1)OCCO2,train
Cc1ccc(S(N)(=O)=O)cc1C(=O)NC(C)c1ccccc1F,train
CCCCC(=O)Nc1ccc(C(=O)N2CCC(C)CC2)cc1,train
CCNC(=O)COc1ccc(NS(=O)(=O)c2ccccc2)cc1,train
O=C(c1cc2ccc(Br)cc2[nH]1)N1CCOC2CCCC21,train
CCCCCNC(=O)C1CCN(C(=O)Nc2cccs2)CC1,train
Cc1ccc(C)c(-n2nc(CC(C)C)nc2C(=O)N2CCOCC2)c1,train
CCc1nc(COC(=O)c2ccc(COC)o2)cs1,train
CCn1cc(C(=O)Nc2ccccc2OCC2CCCCO2)cn1,train
CCOc1ccc(NC(=O)COc2ccccc2)cc1,train
COc1ccccc1NC(=O)C1CCN(c2cnccn2)CC1,train
O=C(Cc1ccccc1F)Nc1cc2c(cc1Cl)NC(=O)CO2,train
COc1ccccc1C=CCN(CC(F)F)C1CC1,train
